archaeological_layer.archstratigraphy_idarchstrat;assemblage.locality_idlocality;assemblage.name;assemblage.lithic_piece_count;locality.x;locality.y;miscellaneous_finds.number;query_age_min;query_age_max;age_comments
MSA;Aar 1;Aar Layer 1 Archaeological Assemblage;6320;16.488989;-26.772622;24;30000;300000;Absolute date not avaliable. Waiting for date through archaeological material;
MSA/LSA;Aar 1;Aar Layer 4-2 Archaeological Assemblage;-1;16.488989;-26.772622;15;25000;40000;Absolute date not avaliable. Waiting for date through archaeological material;
MSA;Aar 2;Aar 2 Layer 4-1 Archaeological Assemblage;2066;16.468356;-26.728179;1;30000;300000;;
Late MSA;Apollo 11;Apollo 11 Layer E Archaeological Assemblage;2678;17.117286;-27.701215;18;12380;49500;C14 dates of Wendt's cultural layer D+ upper E that corresponds to geological units K-M (upper+lower part) of Vogelsang (2010), OSL date of late MSA assemblages attributed to Unit M+N;
Late MSA;Apollo 11;Apollo 11 Layer E Archaeological Assemblage;2678;17.117286;-27.701215;18;21300;49500;C14 dates of Wendt's cultural layer E that corresponds to geological units M (lower part) to N of Vogelsang (2010), OSL datess of late MSA assemblages attributed to Unit M+N;
Howiesonspoort;Apollo 11;Apollo 11 Layer F Archaeological Assemblage;10876;17.117286;-27.701215;17;48000;62000;C14 date of Wendt's cultural layer F that corresponds to geological units P-R of Vogelsang (2010), OSL date of sterile Unit above units attributed to Howiesons Poort (Unit P);
Howiesonspoort;Apollo 11;Apollo 11 Layer F Archaeological Assemblage;10876;17.117286;-27.701215;17;48000;65000;C14 date of Wendt's cultural layer F that corresponds to geological units P-R of Vogelsang (2010), OSL date of Units attributed to Howiesons Poort (Unit Q+R);
Still Bay;Apollo 11;Apollo 11 Layer G Archaeological Assemblage;5521;17.117286;-27.701215;35;48000;70000;C14 dates of Wendt's cultural layer G that corresponds to geological units S-U of Vogelsang (2010), OSL date of Unit beneath units attributed to Howiesons Poort (Unit S);
Still Bay;Apollo 11;Apollo 11 Layer G Archaeological Assemblage;5521;17.117286;-27.701215;35;48000;74000;C14 dates of Wendt's cultural layer G that corresponds to geological units S-U of Vogelsang (2010), OSL date of Unit attributed to Stillbay (Unit T);
Still Bay;Apollo 11;Apollo 11 Layer G Archaeological Assemblage;5521;17.117286;-27.701215;35;48000;77000;C14 dates of Wendt's cultural layer G that corresponds to geological units S-U of Vogelsang (2010);
Early MSA;Apollo 11;Apollo 11 Layer H lower Archaeological Assemblage;1475;17.117286;-27.701215;7;218000;254000;AAR age, pooled mean age of aminogroup C of 236+/-18ka, corresponding to Units Y, Z of Vogelsang's excavation in 2007 (see Murray-Wallace et al. 2015);
Early MSA;Apollo 11;Apollo 11 Layer H upper Archaeological Assemblage;715;17.117286;-27.701215;2;168000;188000;AAR age, pooled mean age of aminogroup B of 178+/-10ka, corresponding to Units V, W, X of Vogelsang's excavation in 2007 (see Murray-Wallace et al. 2015);
MSA;Bambata Cave;Bambata Cave Lower Cave Earth Archaeological Assemblage;-1;28.405848;-20.503238;1;30000;300000;;
MSA;Bambata Cave;Bambata Cave Upper Cave Earth Archaeological Assemblage;-1;28.405848;-20.503238;-1;30000;300000;;
Middle Paleolithic - Africa;Bir Sahara East;Bir Sahara East BS-11 Unit 4+3 Archaeological Assemblage;5076;28.75;22.92;1;97800;250000;published dates in Wendorf et al. 1993 are inconsistent, we used those dates that fit with the reanalyzed OSL dates of younger deposits (Nicoll 2018), see table geo_age for other dates;
Middle Paleolithic - Africa;Bir Tarfawi;Bir Tarfawi BT-14 Grey Phase 1 Archaeological Assemblage;37414;28.75;22.92;9;113500;156700;only used reanalyzed OSL dates (Nicoll 2018) for age_min/max, older dates and other dating methods are quite inconsistent, see table geo_age for further information;
Middle Paleolithic - Africa;Bir Tarfawi;Bir Tarfawi E-87-5 Bed 6-2 Archaeological Assemblage;9045;28.75;22.92;1;90600;113800;only used reanalyzed OSL dates (Nicoll 2018) for age_min/max, older dates and other dating methods are quite inconsistent, see table geo_age for further information;
Middle Paleolithic - Africa;Bir Tarfawi;Bir Tarfawi E-87-5 Bed 6-2 Archaeological Assemblage;9045;28.75;22.92;1;102300;129700;only used reanalyzed OSL dates (Nicoll 2018) for age_min/max, older dates and other dating methods are quite inconsistent, see table geo_age for further information;
Middle Paleolithic - Africa;Bir Tarfawi;Bir Tarfawi E-87-5 Bed 6-2 Archaeological Assemblage;9045;28.75;22.92;1;113500;156700;only used reanalyzed OSL dates (Nicoll 2018) for age_min/max, older dates and other dating methods are quite inconsistent, see table geo_age for further information;
Still Bay;Blombos Cave;BBC M1 Archaeological Assemblage;28775;21.21818;-34.4132;254;67200;78300;;
MSA;Blombos Cave;BBC M2 Archaeological Assemblage;2839;21.21818;-34.4132;74;65000;81200;;
MSA;Blombos Cave;BBC M2 Archaeological Assemblage;2839;21.21818;-34.4132;74;67000;89800;;
Still Bay;Blombos Cave;BBC M2 Archaeological Assemblage;2839;21.21818;-34.4132;74;65000;81200;;
Still Bay;Blombos Cave;BBC M2 Archaeological Assemblage;2839;21.21818;-34.4132;74;67000;89800;;
MSA;Blombos Cave;BBC M3 Archaeological Assemblage;16828;21.21818;-34.4132;1206;70900;120500;includes CI/CIA;
MSA;Blombos Cave;BBC M3 Archaeological Assemblage;16828;21.21818;-34.4132;1206;70900;120500;;
MSA 3;Boomplaas Cave;Boomplaas Layer BOL Archaeological Assemblage;999;22.1833333;-33.3833333;20;35000;65000;OIS 4;
Pre-Howiesonspoort;Boomplaas Cave;Boomplaas Layer LOH Archaeological Assemblage;48;22.1833333;-33.3833333;6;40000;74000;;
Howiesonspoort;Boomplaas Cave;Boomplaas Layer OCH Archaeological Assemblage;446;22.1833333;-33.3833333;21;40000;74000;;
MSA 3;Boomplaas Cave;Boomplaas Layer OLP Archaeological Assemblage;837;22.1833333;-33.3833333;68;35000;65000;;
ELSA;Border Cave;Border Cave Layer 1 BS LR B+C Archaeological Assemblage;722;31.98875;-27.021443;4;31000;41200;the newest published revised ESR dates were used (Grün et al. 2003) not the original published in Grün et al. 1990 or the revised dates in Grün et al. 2001;
ELSA;Border Cave;Border Cave Layer 1 BS LR B+C Archaeological Assemblage;722;31.98875;-27.021443;4;32000;40200;the newest published revised ESR dates were used (Grün et al. 2003), not the original dates published in Grün et al. 1990 or the revised dates in Grün et al. 2001;
MSA 1;Border Cave;Border Cave Layer 1 GBS LR Archaeological Assemblage;4232;31.98875;-27.021443;17;75000;79000;correlates with Unit 4 BS;
MSA 1;Border Cave;Border Cave Layer 1 GBS UP Archaeological Assemblage;2753;31.98875;-27.021443;7;75000;79000;correlates with Unit 4 BS;
Howiesonspoort;Border Cave;Border Cave Layer 1 RGBS Archaeological Assemblage;6276;31.98875;-27.021443;10;70000;78000;the newest published revised ESR dates were used (Grün et al. 2003), not the original dates published in Grün et al. 1990 or the revised dates in Grün et al. 2001;
ELSA;Border Cave;Border Cave Layer 1 WA Archaeological Assemblage;4729;31.98875;-27.021443;60;33000;47750;the newest published revised ESR dates were used (Grün et al. 2003), not the original dates published in Grün et al. 1990 or the revised dates in Grün et al. 2001;
Post-Howiesonspoort;Border Cave;Border Cave Layer 2 BS LR A+B Archaeological Assemblage;406;31.98875;-27.021443;15;24790;50680;;
Post-Howiesonspoort;Border Cave;Border Cave Layer 2 BS LR A+B Archaeological Assemblage;406;31.98875;-27.021443;15;24790;55380;;
Post-Howiesonspoort;Border Cave;Border Cave Layer 2 BS LR C Archaeological Assemblage;-1;31.98875;-27.021443;72;45000;60860;the newest published revised ESR dates were used (Grün et al. 2003), not the original dates published in Grün et al. 1990 or the revised dates in Grün et al. 2001;
Post-Howiesonspoort;Border Cave;Border Cave Layer 2 BS UP Archaeological Assemblage;369;31.98875;-27.021443;10;35000;51400;the newest published revised ESR dates were used (Grün et al. 2003), not the original dates published in Grün et al. 1990 or the revised dates in Grün et al. 2001;
Post-Howiesonspoort;Border Cave;Border Cave Layer 2 WA Archaeological Assemblage;780;31.98875;-27.021443;77;44290;63000;the newest published revised ESR dates were used (Grün et al. 2003), not the original dates published in Grün et al. 1990 or the revised dates in Grün et al. 2001;
Howiesonspoort;Border Cave;Border Cave Layer 3 BS UP+LR Archaeological Assemblage;1882;31.98875;-27.021443;29;48700;76000;the newest published revised ESR dates were used (Grün et al. 2003), not the original dates published in Grün et al. 1990 or the revised dates in Grün et al. 2001;
Howiesonspoort;Border Cave;Border Cave Layer 3 BS UP+LR Archaeological Assemblage;1882;31.98875;-27.021443;29;54000;76000;the newest published revised ESR dates were used (Grün et al. 2003), not the original dates published in Grün et al. 1990 or the revised dates in Grün et al. 2001;
Howiesonspoort;Border Cave;Border Cave Layer 3 WA Archaeological Assemblage;604;31.98875;-27.021443;9;39000;66000;the newest published revised ESR dates were used (Grün et al. 2003), not the original dates published in Grün et al. 1990 or the revised dates in Grün et al. 2001;
MSA 1;Border Cave;Border Cave Layer 4 BS Archaeological Assemblage;-1;31.98875;-27.021443;4;75000;79000;the newest published revised ESR dates were used (Grün et al. 2003), not the original dates published in Grün et al. 1990 or the revised dates in Grün et al. 2001, correlates with Unit 1 GBS.;
MSA 1;Border Cave;Border Cave Layer 4 WA Archaeological Assemblage;-1;31.98875;-27.021443;34;107000;171000;the newest published revised ESR dates were used (Grün et al. 2003), not the original dates published in Grün et al. 1990 or the revised dates in Grün et al. 2001;
MSA 1;Border Cave;Border Cave Layer 5 BS Archaeological Assemblage;-1;31.98875;-27.021443;63;133000;171000;the newest published revised ESR dates were used (Grün et al. 2003), not the original dates published in Grün et al. 1990 or the revised dates in Grün et al. 2001;
MSA 1;Border Cave;Border Cave Layer 5 WA Archaeological Assemblage;-1;31.98875;-27.021443;3;163000;238000;the newest published revised ESR dates were used (Grün et al. 2003), not the original dates published in Grün et al. 1990 or the revised dates in Grün et al. 2001;
MSA 1;Border Cave;Border Cave Layer 6 BS Archaeological Assemblage;-1;31.98875;-27.021443;1;163000;300000;;
MSA 1;Border Cave;Border Cave Layer BACO A Archaeological Assemblage;1098;31.98875;-27.021443;1;133000;300000;Units BACO A-D were replaced by non-equivalent Unit 5 BS, 5 WA and 6 BS (Beaumont et al. 92, p. 490), as there is no exact correlation between the units, BACO A-D span the absolute time span of the dated Units 5 BS to 6 BS;
MSA 1;Border Cave;Border Cave Layer BACO B Archaeological Assemblage;5444;31.98875;-27.021443;5;133000;300000;Units BACO A-D were replaced by non-equivalent Unit 5 BS, 5 WA and 6 BS (Beaumont et al. 92, p. 490), as there is no exact correlation between the units, BACO A-D span the absolute time span of the dated Units 5 BS to 6 BS;
MSA 1;Border Cave;Border Cave Layer BACO B Archaeological Assemblage;5444;31.98875;-27.021443;5;133000;300000;Units BACO A-D were replaced by non-equivalent Unit 5 BS, 5 WA and 6 BS (Beaumont et al. 92, p. 490), as there is no exact correlation between the units, BACO A-D span the absolute time span of the dated Units 5 BS to 6 BS.;
MSA 1;Border Cave;Border Cave Layer BACO C Archaeological Assemblage;7936;31.98875;-27.021443;1;133000;300000;Units BACO A-D were replaced by non-equivalent Unit 5 BS, 5 WA and 6 BS (Beaumont et al. 92, p. 490), as there is no exact correlation between the units, BACO A-D span the absolute time span of the dated Units 5 BS to 6 BS.;
MSA 1;Border Cave;Border Cave Layer BACO D Archaeological Assemblage;2794;31.98875;-27.021443;1;133000;300000;Units BACO A-D were replaced by non-equivalent Unit 5 BS, 5 WA and 6 BS (Beaumont et al. 92, p. 490), as there is no exact correlation between the units, BACO A-D span the absolute time span of the dated Units 5 BS to 6 BS.;
Howiesonspoort;Bremen 1C;Bremen 1C MSA Komplex Archaeological Assemblage;1880;17.147603;-25.766654;8;58000;66000;Absolute date not avaliable. Site only dated through the typology of the artefacts.;
MSA/LSA;Bremen 1C;Bremen 1C Mischhorizont Archaeological Assemblage;-1;17.147603;-25.766654;13;20000;40000;Absolute date not avaliable. Site only dated through the typology of the artefacts.;
MSA;Bremen 2B;Bremen 2B Layer I lower MSA Collection;66;17.097115;-25.757686;2;30000;300000;MSA;
MSA;Bushman Rock Shelter;BRS Exc. Eloff Layer 19-31 Archaeological Assemblage;0;30.624773;-24.576784;22;12405;101000;;
MSA;Bushman Rock Shelter;BRS Exc. Eloff Layer 19-31 Archaeological Assemblage;0;30.624773;-24.576784;22;67000;101000;age estimates do not include UCLA dates from 1974 (34375+/-4300);
MSA;Bushman Rock Shelter;BRS Exc. Eloff Layer 19-31 Archaeological Assemblage;0;30.624773;-24.576784;22;67000;107000;;
MSA;Bushman Rock Shelter;BRS Exc. Eloff Layer 19-31 Archaeological Assemblage;0;30.624773;-24.576784;22;68000;107000;;
MSA;Bushman Rock Shelter;BRS Exc. Eloff Layer 19-31 Archaeological Assemblage;0;30.624773;-24.576784;22;68000;300000;;
MSA;Bushman Rock Shelter;BRS Exc. Eloff Layer 32-53 Archaeological Assemblage;0;30.624773;-24.576784;3;68000;300000;;
MSA;Bushman Rock Shelter;BRS Exc. Eloff Layer 36 Archaeological Assemblage;;30.624773;-24.576784;1;68000;300000;;
MSA;Bushman Rock Shelter;BRS Exc. Eloff Layer 39-63 Archaeological Assemblage;15;30.624773;-24.576784;1;68000;300000;;
MSA;Bushman Rock Shelter;BRS Exc. Louw Layer 43 Archaeological Assemblage;39;30.624773;-24.576784;-1;53000;300000;;
Fauresmith;Canteen Kopje;Canteen Kopje Area 1 Unit 2a Upper Archaeological Assemblage;1018;24.532467;-28.542357;-1;300000;800000;arch_strat: Fauresmith+Victoria West;
Victoria West;Canteen Kopje;Canteen Kopje Area 2 Unit 2a Archaeological Assemblage;6768;24.532467;-28.542357;2;300000;800000;arch_strat: Fauresmith+Victoria West;
Still Bay;Cape Hangklip;Cape Hangklip Raised Beach 20 ft Archaeological Assemblage;-1;18.83;-34.374;1;70000;77000;;
Howiesonspoort;Cave of Hearths;Cave of Hearths Bed 9 Archaeological Assemblage;183;29.199481;-24.140961;4;58000;66000;Absolute date not avaliable. Waiting for date through archaeological materialsince faunal assemblages from Bed 4-9 are named MSA Fauna, at least Pleistocene can be assumed (26.04.2011, R.V.);
MSA;Die Kelders;Die Kelders Layer 10 Archaeological Assemblage;-1;19.3765;-34.5458;39;45500;95300;;
MSA;Die Kelders;Die Kelders Layer 11 Archaeological Assemblage;-1;19.3765;-34.5458;10;45500;95300;;
MSA;Die Kelders;Die Kelders Layer 12 Archaeological Assemblage;450;19.3765;-34.5458;9;45500;95300;;
MSA;Die Kelders;Die Kelders Layer 13 Archaeological Assemblage;-1;19.3765;-34.5458;1;45500;95300;;
MSA;Die Kelders;Die Kelders Layer 14 Archaeological Assemblage;2173;19.3765;-34.5458;10;45500;95300;;
MSA;Die Kelders;Die Kelders Layer 15 Archaeological Assemblage;;19.3765;-34.5458;18;45500;95300;;
MSA;Die Kelders;Die Kelders Layer 4 Archaeological Assemblage;4271;19.3765;-34.5458;1;45500;95300;;
MSA;Die Kelders;Die Kelders Layer 6 Archaeological Assemblage;13392;19.3765;-34.5458;4;45500;95300;;
MSA;Die Kelders;Die Kelders Layer 6/7 Archaeological Assemblage;-1;19.3765;-34.5458;12;45500;95300;;
MSA;Die Kelders;Die Kelders Layer 8 Archaeological Assemblage;-1;19.3765;-34.5458;7;45500;95300;;
MSA;Die Kelders;Die Kelders Layer 9 Archaeological Assemblage;-1;19.3765;-34.5458;20;45500;95300;;
Post-Howiesonspoort;Diepkloof Rock Shelter;Diepkloof SU Claude Archaeological Assemblage;1539;18.4529778;-32.386894;5;30000;57000;Previous dates by Jacobs et al. (2008) are probably wrong in underestimating true ages (sensu Tribolo et al. 2013);
Post-Howiesonspoort;Diepkloof Rock Shelter;Diepkloof SU Danny Archaeological Assemblage;718;18.4529778;-32.386894;10;30000;57000;Previous dates by Jacobs et al. (2008) are probably wrong in underestimating true ages (sensu Tribolo et al. 2013);
Howiesonspoort;Diepkloof Rock Shelter;Diepkloof SU Darryl Archaeological Assemblage;972;18.4529778;-32.386894;9;58000;91000;;
Howiesonspoort;Diepkloof Rock Shelter;Diepkloof SU Dean Archaeological Assemblage;551;18.4529778;-32.386894;9;58000;91000;;
Howiesonspoort;Diepkloof Rock Shelter;Diepkloof SU Debbie Archaeological Assemblage;1174;18.4529778;-32.386894;23;58000;91000;;
Post-Howiesonspoort;Diepkloof Rock Shelter;Diepkloof SU Denzel Archaeological Assemblage;1173;18.4529778;-32.386894;16;30000;57000;Previous dates by Jacobs et al. (2008) are probably wrong in underestimating true ages (sensu Tribolo et al. 2013);
Howiesonspoort;Diepkloof Rock Shelter;Diepkloof SU Eben-Hb Eve Archaeological Assemblage;852;18.4529778;-32.386894;5;58000;91000;;
Howiesonspoort;Diepkloof Rock Shelter;Diepkloof SU Edgar Archaeological Assemblage;2006;18.4529778;-32.386894;24;58000;91000;;
Howiesonspoort;Diepkloof Rock Shelter;Diepkloof SU Eric Archaeological Assemblage;1938;18.4529778;-32.386894;21;58000;91000;;
Howiesonspoort;Diepkloof Rock Shelter;Diepkloof SU Ester Archaeological Assemblage;420;18.4529778;-32.386894;4;58000;91000;;
Howiesonspoort;Diepkloof Rock Shelter;Diepkloof SU Fiona Archaeological Assemblage;636;18.4529778;-32.386894;2;76000;98000;Previous dates by Jacobs et al. (2008) are probably wrong in underestimating true ages (sensu Tribolo et al. 2013);
Howiesonspoort;Diepkloof Rock Shelter;Diepkloof SU Fox-Fanie Archaeological Assemblage;653;18.4529778;-32.386894;3;76000;94000;Luminescence ages are averages of dates obtained from multiple samples from the same layer. Previous dates by Jacobs et al. (2008) are probably wrong in underestimating true ages (sensu Tribolo et al. 2013);
Howiesonspoort;Diepkloof Rock Shelter;Diepkloof SU Frank Archaeological Assemblage;526;18.4529778;-32.386894;7;75000;94000;Previous dates by Jacobs et al. (2008) are probably wrong in underestimating true ages (sensu Tribolo et al. 2013);
Howiesonspoort;Diepkloof Rock Shelter;Diepkloof SU Frans Archaeological Assemblage;1196;18.4529778;-32.386894;7;58000;91000;;
Howiesonspoort;Diepkloof Rock Shelter;Diepkloof SU Fred Archaeological Assemblage;824;18.4529778;-32.386894;8;75000;91000;Luminescence ages are averages of dates obtained from multiple samples from the same layer. Previous dates by Jacobs et al. (2008) are probably wrong in underestimating true ages (sensu Tribolo et al. 2013);
Howiesonspoort;Diepkloof Rock Shelter;Diepkloof SU Governor Archaeological Assemblage;236;18.4529778;-32.386894;10;76000;98000;Previous dates by Jacobs et al. (2008) are probably wrong in underestimating true ages (sensu Tribolo et al. 2013);
MSA;Diepkloof Rock Shelter;Diepkloof SU Jack Archaeological Assemblage;1879;18.4529778;-32.386894;12;80000;98000;Previous dates by Jacobs et al. (2008) are probably wrong in underestimating true ages (sensu Tribolo et al. 2013);
Howiesonspoort;Diepkloof Rock Shelter;Diepkloof SU Jeff Archaeological Assemblage;7422;18.4529778;-32.386894;13;76000;98000;Previous dates by Jacobs et al. (2008) are probably wrong in underestimating true ages (sensu Tribolo et al. 2013);
Howiesonspoort;Diepkloof Rock Shelter;Diepkloof SU Jess Archaeological Assemblage;1260;18.4529778;-32.386894;21;99000;119000;Luminescence ages are averages of dates obtained from multiple samples from the same layer. Previous dates by Jacobs et al. (2008) are probably wrong in underestimating true ages (sensu Tribolo et al. 2013);
Howiesonspoort;Diepkloof Rock Shelter;Diepkloof SU John Archaeological Assemblage;1047;18.4529778;-32.386894;20;76000;98000;Luminescence ages are averages of dates obtained from multiple samples from the same layer. Previous dates by Jacobs et al. (2008) are probably wrong in underestimating true ages (sensu Tribolo et al. 2013);
Howiesonspoort;Diepkloof Rock Shelter;Diepkloof SU Joy Archaeological Assemblage;2963;18.4529778;-32.386894;6;80000;98000;Luminescence ages are averages of dates obtained from multiple samples from the same layer. Previous dates by Jacobs et al. (2008) are probably wrong in underestimating true ages (sensu Tribolo et al. 2013);
MSA;Diepkloof Rock Shelter;Diepkloof SU Jude Archaeological Assemblage;834;18.4529778;-32.386894;6;80000;98000;Previous dates by Jacobs et al. (2008) are probably wrong in underestimating true ages (sensu Tribolo et al. 2013);
Howiesonspoort;Diepkloof Rock Shelter;Diepkloof SU Julia Archaeological Assemblage;1021;18.4529778;-32.386894;46;95000;115000;Previous dates by Jacobs et al. (2008) are probably wrong in underestimating true ages (sensu Tribolo et al. 2013);
Howiesonspoort;Diepkloof Rock Shelter;Diepkloof SU Kate Archaeological Assemblage;401;18.4529778;-32.386894;33;95000;115000;Luminescence ages are averages of dates obtained from multiple samples from the same layer. Previous dates by Jacobs et al. (2008) are probably wrong in underestimating true ages (sensu Tribolo et al. 2013);
Still Bay;Diepkloof Rock Shelter;Diepkloof SU Keeno Archaeological Assemblage;271;18.4529778;-32.386894;2;95000;119000;Previous dates by Jacobs et al. (2008) are probably wrong in underestimating true ages (sensu Tribolo et al. 2013);
Howiesonspoort;Diepkloof Rock Shelter;Diepkloof SU Kegan Archaeological Assemblage;771;18.4529778;-32.386894;12;95000;119000;Previous dates by Jacobs et al. (2008) are probably wrong in underestimating true ages (sensu Tribolo et al. 2013);
Howiesonspoort;Diepkloof Rock Shelter;Diepkloof SU Kenny Archaeological Assemblage;691;18.4529778;-32.386894;7;95000;119000;Previous dates by Jacobs et al. (2008) are probably wrong in underestimating true ages (sensu Tribolo et al. 2013);
Howiesonspoort;Diepkloof Rock Shelter;Diepkloof SU Kerry Archaeological Assemblage;807;18.4529778;-32.386894;34;95000;115000;Previous dates by Jacobs et al. (2008) are probably wrong in underestimating true ages (sensu Tribolo et al. 2013);
Still Bay;Diepkloof Rock Shelter;Diepkloof SU Kim Archaeological Assemblage;433;18.4529778;-32.386894;21;99000;119000;Luminescence ages are averages of dates obtained from multiple samples from the same layer. Previous dates by Jacobs et al. (2008) are probably wrong in underestimating true ages (sensu Tribolo et al. 2013);
Still Bay;Diepkloof Rock Shelter;Diepkloof SU Larry Archaeological Assemblage;571;18.4529778;-32.386894;34;99000;119000;Luminescence ages are averages of dates obtained from multiple samples from the same layer. Previous dates by Jacobs et al. (2008) are probably wrong in underestimating true ages (sensu Tribolo et al. 2013);
MSA;Diepkloof Rock Shelter;Diepkloof SU Lauren Archaeological Assemblage;803;18.4529778;-32.386894;17;90000;118000;Previous dates by Jacobs et al. (2008) are probably wrong in underestimating true ages (sensu Tribolo et al. 2013);
Still Bay;Diepkloof Rock Shelter;Diepkloof SU Leo-Liz Archaeological Assemblage;470;18.4529778;-32.386894;15;90000;110000;Previous dates by Jacobs et al. (2008) are probably wrong in underestimating true ages (sensu Tribolo et al. 2013);
Still Bay;Diepkloof Rock Shelter;Diepkloof SU Logan Archaeological Assemblage;783;18.4529778;-32.386894;30;99000;110000;Previous dates by Jacobs et al. (2008) are probably wrong in underestimating true ages (sensu Tribolo et al. 2013);
Pre-Still Bay;Diepkloof Rock Shelter;Diepkloof SU Lynn Archaeological Assemblage;1099;18.4529778;-32.386894;40;90000;110000;Luminescence ages are averages of dates obtained from multiple samples from the same layer. Previous dates by Jacobs et al. (2008) are probably wrong in underestimating true ages (sensu Tribolo et al. 2013);
MSA;Diepkloof Rock Shelter;Diepkloof SU Mike Archaeological Assemblage;2157;18.4529778;-32.386894;17;90000;118000;Previous dates by Jacobs et al. (2008) are probably wrong in underestimating true ages (sensu Tribolo et al. 2013);
Late Acheulean - Africa;Duinefontein (DFT) 2;Duinefontein (DFT) 2 Horizon 3 Archaeological Assemblage;279;18.4282028;-33.6649889;1;237000;347000;;
Aterian;El Mnasra;El Mnasra Unit 7a+b Archaeological Assemblage;17;-6.954;33.928;-1;98000;117200;;
Aterian;El Mnasra;El Mnasra Unit 7a+b Archaeological Assemblage;17;-6.954;33.928;-1;104300;117200;;
ELSA;Enkapune Ya Muto;Enkapune Ya Muto GG1 Layer Archaeological Assemblage;;36.15;-0.8333333;-1;35250;71000;;
ELSA;Enkapune Ya Muto;Enkapune Ya Muto GG2 Layer Archaeological Assemblage;;36.15;-0.8333333;-1;35250;71000;;
ELSA;Enkapune Ya Muto;Enkapune Ya Muto OL Layer Archaeological Assemblage;;36.15;-0.8333333;-1;35250;71000;;
MSA;Enkapune Ya Muto;Enkapune Ya Muto RBL4 Layer Archaeological Assemblage;1697;36.15;-0.8333333;3;40700;71000;;
MSA;Gorgora Rock Shelter;Gorgora Rock Shelter Level 4 Archaeological Assemblage;136;37.28;12.24;-1;30000;126000;No absolute dating. Awaiting dates from archaeology;
MSA;Gorgora Rock Shelter;Gorgora Rock Shelter Level 5 Archaeological Assemblage;201;37.28;12.24;-1;30000;126000;No absolute dating. Awaiting dates from archaeology;
MSA;Gorgora Rock Shelter;Gorgora Rock Shelter Level 6 Archaeological Assemblage;77;37.28;12.24;-1;30000;126000;No absolute dating. Awaiting dates from archaeology;
MSA;Gorgora Rock Shelter;Gorgora Rock Shelter Level 7 Archaeological Assemblage;111;37.28;12.24;-1;30000;126000;No absolute dating. Awaiting dates from archaeology;
MSA;Gorgora Rock Shelter;Gorgora Rock Shelter Level 8 Archaeological Assemblage;117;37.28;12.24;;30000;126000;No absolute dating. Awaiting dates from archaeology;
Aterian;Grotte des Contrebandiers;Grotte des Contrebandiers Unit 9-11 Shell Assemblage;0;-6.962;33.922;1;86000;126000;;
Aterian;Grotte des Contrebandiers;Grotte des Contrebandiers Unit 9-11 Shell Assemblage;0;-6.962;33.922;1;86000;133000;;
Aterian;Grotte des Contrebandiers;Grotte des Contrebandiers Unit 9-11 Shell Assemblage;0;-6.962;33.922;1;105000;133000;;
Aterian;Grotte des Pigeons;Grotte des Pigeons Group E Archaeological Assemblage;0;-2.404029;34.814177;23;56200;73100;;
Early MSA;Hoedjiespunt 1;Hoedjiespunt 1 AH I Archaeological Assemblage;397;17.9596528;-33.028567;24;71000;127000;Minimum age inferred by the existence of MSA stone artefacts and other geological and environmental indicators as well as the MIS stage.;
Early MSA;Hoedjiespunt 1;Hoedjiespunt 1 AH II Archaeological Assemblage;574;17.9596528;-33.028567;26;107000;127000;MIS 5 is inferred from geological and environmental indicators as well as the absolute dates.;
Early MSA;Hoedjiespunt 1;Hoedjiespunt 1 AH III Archaeological Assemblage;241;17.9596528;-33.028567;20;107000;127000;MIS 5 is inferred from geological and environmental indicators as well as the absolute dates.;
Still Bay;Hollow Rock Shelter;Hollow Rock Shelter Unit IA Archaeological Assemblage;;19.0792833;-32.084;175;41000;93000;preliminary results of OSL datings from samples within depth of 20cm (Hoegberg+Larsson 2011, table 1);
Still Bay;Hollow Rock Shelter;Hollow Rock Shelter Unit IB Archaeological Assemblage;;19.0792833;-32.084;274;41000;93000;preliminary results of OSL datings from samples within depth of 20cm (Hoegberg+Larsson 2011, table 1);
Still Bay;Hollow Rock Shelter;Hollow Rock Shelter Unit IIA Archaeological Assemblage;;19.0792833;-32.084;215;41000;93000;preliminary results of OSL datings from samples within depth of 20cm (Hoegberg+Larsson 2011, table 1);
Still Bay;Hollow Rock Shelter;Hollow Rock Shelter Unit IIB Archaeological Assemblage;;19.0792833;-32.084;381;41000;93000;preliminary results of OSL datings from samples within depth of 20cm (Hoegberg+Larsson 2011, table 1);
Still Bay;Hollow Rock Shelter;Hollow Rock Shelter Unit IIIA Archaeological Assemblage;;19.0792833;-32.084;37;41000;93000;preliminary results of OSL datings from samples within depth of 20cm (Hoegberg+Larsson 2011, table 1);
Still Bay;Hollow Rock Shelter;Hollow Rock Shelter Unit IIIB Archaeological Assemblage;;19.0792833;-32.084;27;41000;93000;preliminary results of OSL datings from samples within depth of 20cm (Hoegberg+Larsson 2011, table 1);
Howiesonspoort;Howiesons Poort;1927/28 Shelter Inventar;2335;26.483237;-33.383395;41;58000;66000;site has no LSA components, only MSA recognized, dating based on HP;
Howiesonspoort;Howiesons Poort;Layer 1 Inventar;2294;26.483237;-33.383395;282;58000;66000;site has no LSA components, only MSA recognized, dating based on HP;
Howiesonspoort;Howiesons Poort;Layer 2 Inventar;392;26.483237;-33.383395;132;58000;66000;;
Howiesonspoort;Howiesons Poort;Layer 3 Inventar;557;26.483237;-33.383395;267;58000;66000;;
Howiesonspoort;Howiesons Poort;Layer 4 Inventar;4219;26.483237;-33.383395;2432;58000;66000;;
Howiesonspoort;Howiesons Poort;Layer 5 Inventar;85;26.483237;-33.383395;24;58000;66000;;
Middle Paleolithic - Africa;Ifri n Ammar;Ifri n Ammar Lower OS Enl. 35-42 Archaeological Assemblage;733;-3.0923;34.7846;1;71000;146000;;
Middle Paleolithic - Africa;Ifri n Ammar;Ifri n Ammar Lower OS Enl. 35-42 Archaeological Assemblage;733;-3.0923;34.7846;1;114000;146000;2 sigma as reported on page 335;
Middle Paleolithic - Africa;Ifri n Ammar;Ifri n Ammar Lower OS Enl. 35-42 Archaeological Assemblage;733;-3.0923;34.7846;1;114000;163000;;
MSA;Issanzu;Issanzu III Bachlauf;264;34.669361;-4.10332;1;30000;300000;;
MSA;Issanzu;Issanzu III Cave 9 Layer I;86;34.669361;-4.10332;8;30000;300000;;
MSA;Issanzu;Issanzu III Cave 9 Layer II;232;34.669361;-4.10332;1;30000;300000;;
Early MSA;Kalambo Falls Site C North;Kalambo Falls Site C North Sector C Level 3 Archaeological Assemblage;631;31.242603;-8.591947;9;22900;176000;;
MSA;Kalkbank;Kalkbank Fossil Horizon Archaeological Assemblage;88;29.2107;-23.493;15;30000;300000;No absolute dating. Awaiting dates from archaeology;
MSA;Kangkara Cave;Kangkara Cave Level 6 BHL3 Archaeological Assemblage;3614;23.0833333;-33.7833333;33;12200;300000;;
ESA/MSA;Kapthurin GnJh-15;Kapthurin GnJh-15 K3 Archaeological Assemblage;;35.982836;0.573497;74;500000;567000;includes dates of Grey Tuff and Upper Kaurein Basalt;
MSA;Kathu Pan 1;Kathu Pan 1 Stratum 3 Archaeological Assemblage;892;23.008146;-27.666628;18;246000;336000;;
Fauresmith;Kathu Pan 1;Kathu Pan 1 Stratum 3/4a Archaeological Assemblage;-1;23.008146;-27.666628;6;246000;336000;;
Fauresmith;Kathu Pan 1;Kathu Pan 1 Stratum 3/4a Archaeological Assemblage;-1;23.008146;-27.666628;6;417000;682000;;
MSA;Kathu Pan 1;Kathu Pan 1 Stratum 3/4a Archaeological Assemblage;-1;23.008146;-27.666628;6;246000;336000;;
MSA;Kathu Pan 1;Kathu Pan 1 Stratum 3/4a Archaeological Assemblage;-1;23.008146;-27.666628;6;417000;682000;;
Fauresmith;Kathu Pan 1;Kathu Pan 1 Stratum 4a Archaeological Assemblage;5532;23.008146;-27.666628;12;417000;682000;;
Acheulean - Africa;Kathu Pan 1;Kathu Pan 1 Stratum 4a/4b Archaeological Assemblage;-1;23.008146;-27.666628;2;417000;682000;;
Fauresmith;Kathu Pan 1;Kathu Pan 1 Stratum 4a/4b Archaeological Assemblage;-1;23.008146;-27.666628;2;417000;682000;;
Acheulean - Africa;Kathu Pan 1;Kathu Pan 1 Stratum 4b Archaeological Assemblage;241;23.008146;-27.666628;2;417000;682000;;
Howiesonspoort;Kathu Pan 6;Kathu Pan 6 Stratum 3 Archaeological Assemblage;;23.011218;-27.669877;-1;20800;79000;;
Howiesonspoort;Kathu Pan 6;Kathu Pan 6 Stratum 4 Archaeological Assemblage;;23.011218;-27.669877;-1;58000;106000;;
MSA;Kathu Pan 6;Kathu Pan 6 Stratum 5 Archaeological Assemblage;;23.011218;-27.669877;-1;58000;300000;;
MSA/LSA;Kisese II Rock Shelter;Kisese II Rock Shelter Spit XIX Archaeological Assemblage;-1;35.812031;-4.491797;-1;33040;42200;;
MSA/LSA;Kisese II Rock Shelter;Kisese II Rock Shelter Spit XX Archaeological Assemblage;-1;35.812031;-4.491797;-1;39600;41600;;
MSA/LSA;Kisese II Rock Shelter;Kisese II Rock Shelter Spit XXI Archaeological Assemblage;-1;35.812031;-4.491797;-1;40300;42300;;
MSA/LSA;Kisese II Rock Shelter;Kisese II Rock Shelter Spit XXII Archaeological Assemblage;-1;35.812031;-4.491797;-1;40300;71000;;
MSA/LSA;Kisese II Rock Shelter;Kisese II Rock Shelter Spit XXIII Archaeological Assemblage;-1;35.812031;-4.491797;-1;40300;71000;;
MSA/LSA;Kisese II Rock Shelter;Kisese II Rock Shelter Spit XXIV Archaeological Assemblage;-1;35.812031;-4.491797;-1;40300;71000;;
MSA/LSA;Kisese II Rock Shelter;Kisese II Rock Shelter Spit XXV Archaeological Assemblage;-1;35.812031;-4.491797;-1;40300;71000;;
MSA/LSA;Kisese II Rock Shelter;Kisese II Rock Shelter Spit XXVI Archaeological Assemblage;-1;35.812031;-4.491797;-1;40300;71000;;
Post-Howiesonspoort;Klasies River Mouth Cave 1;KRM Cave 1 Layer 13 Archaeological Assemblage;2101;24.391713;-34.108148;3;30000;78100;correlates with Deacons Layer WS which OSL/IRSL date lies between 63.3-78.1 ka,  AAR suggest an age of 65 ka,  arch_strat (MSA IV) suggests an age between 30-50 ka (see Singer and Wymer 1982, Deacon and Geleijnse 1988, Feathers 2002, table 8);
MSA 2b;Klasies River Mouth Cave 1;KRM Cave 1 Layer 14 Archaeological Assemblage;19266;24.391713;-34.108148;11;61900;105000;correlates to Deacons Layer SAS R, part of SAS Member lower including also SAS W (Layer 15), SAS U (Layer 16) and SAS B (Layer 17), dates for these sequence are between 61.9-103.9 ka (OSL/IRSL and ESR), AAR age for Layer 16 suggest an ago of 89ka, arch_strat (MSA II) suggest an age between 77-105ka (see Singer+Wymer 1982, Deacon+Geleijnse 1988, Feathers 2002, table 8);
MSA 2b;Klasies River Mouth Cave 1;KRM Cave 1 Layer 15 Archaeological Assemblage;13415;24.391713;-34.108148;12;61900;105000;correlates to Deacons Layer SAS W, part of SAS Member lower including also SAS R (Layer 14), SAS U (Layer 16) and SAS B (Layer 17), dates for these sequence are between 61.9-103.9 ka (OSL/IRSL and ESR), AAR age for Layer 16 suggest an ago of 89ka, arch_strat (MSA II) suggest an age between 77-105ka (see Singer+Wymer 1982, Deacon+Geleijnse 1988, Feathers 2002, table 8);
MSA 2b;Klasies River Mouth Cave 1;KRM Cave 1 Layer 16 Archaeological Assemblage;13034;24.391713;-34.108148;1;61900;105000;correlates to Deacons Layer SAS U, part of SAS Member lower including also SAS R (Layer 14), SAS W (Layer 15) and SAS B (Layer 17), dates for these sequence are between 61.9-103.9 ka (OSL/IRSL and ESR), AAR age for Layer 16 suggest an ago of 89ka, arch_strat (MSA II) suggest an age between 77-105ka (see Singer+Wymer 1982, Deacon+Geleijnse 1988, Feathers 2002, table 8);
MSA 2a;Klasies River Mouth Cave 1;KRM Cave 1 Layer 37 Archaeological Assemblage;18354;24.391713;-34.108148;2;61900;119400;correlates Deacon's SAS RBS Member, AAR suggests an age of 90ka, arch_strat (MSA I) suggests an age between 105-130ka (see Singer+Wymer 1982, Deacon+Geleijnse 1988, Feathers 2002, table 8);
MSA 2a;Klasies River Mouth Cave 1;KRM Cave 1 Layer 38 Archaeological Assemblage;9629;24.391713;-34.108148;6;94200;119400;Layer 38, 39 and 40 correspond to Deacons Layer LBS, LBS dates between 94.2-119.4 ka (OSL/IRSL), AAR age of Layer 38 suggests an age of 110 ka, arch_strat (MSA I) suggests an age between 105-130 ka (see Singer and Wymer 1982, Deacon and Geleijnse 1988, Feathers 2002, table 8);
Post-Howiesonspoort;Klasies River Mouth Shelter 1A;KRM Shelter 1A Layer 1-9 Archaeological Assemblage;;24.392367;-34.108202;19;40400;55900;Layers 1-9 correlate with Deacon's Upper Member, absolute dates between 40.4-55.9ka (OSL/IRSL, ESR), arch_strat (post-HP) suggests an age between 30-50ka, C14 dates are somewhat younger and excluded here (see Singer+Wymer 1982, Deacon+Geleijnse 1988, Grün et al. 1990, Feathers 2002, table 8);
Howiesonspoort;Klasies River Mouth Shelter 1A;KRM Shelter 1A Layer 11 Archaeological Assemblage;205;24.392367;-34.108202;10;43400;66000;Layers 10-21 correlate with Deacon's Upper Member, absolute dates between 43.4-56.4ka (OSL/IRSL, ESR), arch_strat (HP) suggests an age between 58-66ka, C14 dates are somewhat younger and excluded here (see Singer+Wymer 1982, Deacon+Geleijnse 1988, Grün et al. 1990, Feathers 2002, table 8);
Howiesonspoort;Klasies River Mouth Shelter 1A;KRM Shelter 1A Layer 12 Archaeological Assemblage;170;24.392367;-34.108202;17;43400;66000;Layers 10-21 correlate with Deacon's Upper Member, absolute dates between 43.4-56.4ka (OSL/IRSL, ESR), arch_strat (HP) suggests an age between 58-66ka, C14 dates are somewhat younger and excluded here (see Singer+Wymer 1982, Deacon+Geleijnse 1988, Grün et al. 1990, Feathers 2002, table 8);
Howiesonspoort;Klasies River Mouth Shelter 1A;KRM Shelter 1A Layer 13 Archaeological Assemblage;2526;24.392367;-34.108202;6;43400;66000;Layers 10-21 correlate with Deacon's Upper Member, absolute dates between 43.4-56.4ka (OSL/IRSL, ESR), arch_strat (HP) suggests an age between 58-66ka, C14 dates are somewhat younger and excluded here (see Singer+Wymer 1982, Deacon+Geleijnse 1988, Grün et al. 1990, Feathers 2002, table 8);
Howiesonspoort;Klasies River Mouth Shelter 1A;KRM Shelter 1A Layer 14 Archaeological Assemblage;6291;24.392367;-34.108202;47;43400;66000;Layers 10-21 correlate with Deacon's Upper Member, absolute dates between 43.4-56.4ka (OSL/IRSL, ESR), arch_strat (HP) suggests an age between 58-66ka, C14 dates are somewhat younger and excluded here (see Singer+Wymer 1982, Deacon+Geleijnse 1988, Grün et al. 1990, Feathers 2002, table 8);
Howiesonspoort;Klasies River Mouth Shelter 1A;KRM Shelter 1A Layer 15 Archaeological Assemblage;1477;24.392367;-34.108202;4;43400;66000;Layers 10-21 correlate with Deacon's Upper Member, absolute dates between 43.4-56.4ka (OSL/IRSL, ESR), arch_strat (HP) suggests an age between 58-66ka, C14 dates are somewhat younger and excluded here (see Singer+Wymer 1982, Deacon+Geleijnse 1988, Grün et al. 1990, Feathers 2002, table 8);
Howiesonspoort;Klasies River Mouth Shelter 1A;KRM Shelter 1A Layer 16 Archaeological Assemblage;5830;24.392367;-34.108202;16;43400;66000;Layers 10-21 correlate with Deacon's Upper Member, absolute dates between 43.4-56.4ka (OSL/IRSL, ESR), arch_strat (HP) suggests an age between 58-66ka, C14 dates are somewhat younger and excluded here (see Singer+Wymer 1982, Deacon+Geleijnse 1988, Grün et al. 1990, Feathers 2002, table 8);
Howiesonspoort;Klasies River Mouth Shelter 1A;KRM Shelter 1A Layer 17 Archaeological Assemblage;19767;24.392367;-34.108202;21;43400;66000;Layers 10-21 correlate with Deacon's Upper Member, absolute dates between 43.4-56.4ka (OSL/IRSL, ESR), arch_strat (HP) suggests an age between 58-66ka, C14 dates are somewhat younger and excluded here (see Singer+Wymer 1982, Deacon+Geleijnse 1988, Grün et al. 1990, Feathers 2002, table 8);
Howiesonspoort;Klasies River Mouth Shelter 1A;KRM Shelter 1A Layer 18 Archaeological Assemblage;7656;24.392367;-34.108202;3;43400;66000;Layers 10-21 correlate with Deacon's Upper Member, absolute dates between 43.4-56.4ka (OSL/IRSL, ESR), arch_strat (HP) suggests an age between 58-66ka, C14 dates are somewhat younger and excluded here (see Singer+Wymer 1982, Deacon+Geleijnse 1988, Grün et al. 1990, Feathers 2002, table 8);
Howiesonspoort;Klasies River Mouth Shelter 1A;KRM Shelter 1A Layer 19 Archaeological Assemblage;10227;24.392367;-34.108202;27;43400;66000;Layers 10-21 correlate with Deacon's Upper Member, absolute dates between 43.4-56.4ka (OSL/IRSL, ESR), arch_strat (HP) suggests an age between 58-66ka, C14 dates are somewhat younger and excluded here (see Singer+Wymer 1982, Deacon+Geleijnse 1988, Grün et al. 1990, Feathers 2002, table 8);
Howiesonspoort;Klasies River Mouth Shelter 1A;KRM Shelter 1A Layer 20 Archaeological Assemblage;16597;24.392367;-34.108202;7;43400;66000;Layers 10-21 correlate with Deacon's Upper Member, absolute dates between 43.4-56.4ka (OSL/IRSL, ESR), arch_strat (HP) suggests an age between 58-66ka, C14 dates are somewhat younger and excluded here (see Singer+Wymer 1982, Deacon+Geleijnse 1988, Grün et al. 1990, Feathers 2002, table 8);
Howiesonspoort;Klasies River Mouth Shelter 1A;KRM Shelter 1A Layer 21 Archaeological Assemblage;2083;24.392367;-34.108202;4;43400;66000;Layers 10-21 correlate with Deacon's Upper Member, absolute dates between 43.4-56.4ka (OSL/IRSL, ESR), arch_strat (HP) suggests an age between 58-66ka, C14 dates are somewhat younger and excluded here (see Singer+Wymer 1982, Deacon+Geleijnse 1988, Grün et al. 1990, Feathers 2002, table 8);
MSA 2b;Klasies River Mouth Shelter 1A;KRM Shelter 1A Layer 22-36 Archaeological Assemblage;;24.392367;-34.108202;16;61900;105000;Layers 23-36 correlate with Deacon's SAS Member, upper and lower part, absolute dates between 61.9-90.8ka (OSL/IRSL, ESR), arch_strat (MSA II/2b) suggests an age of 77-105ka, C14 dates are somewhat younger and excluded here (see Singer+Wymer 1982, Deacon+Geleijnse 1988, Grün et al. 1990, Feathers 2002, table 8);
MSA 2b;Klasies River Mouth Shelter 1A;KRM Shelter 1A Layer 22-36 Archaeological Assemblage;;24.392367;-34.108202;16;63000;105000;Layer 22 correlates with Deacon's RF Member, dating between 63.0-98.2ka (OSL/IRSL), arch_strat (MSA II/2b) suggests an age of 77-105ka, C14 dates are somewhat younger and excluded here (see Singer+Wymer 1982, Deacon+Geleijnse 1988, Grün et al. 1990, Feathers 2002, table 8);
MSA 2a;Klasies River Mouth Shelter 1B;KRM Shelter 1B Layer 2-13 Archaeological Assemblage;;24.391329;-34.108167;3;105000;130000;;
MSA 2a;Klasies River Mouth Shelter 1B;KRM Shelter 1B Layer 2-13 Archaeological Assemblage;;24.391329;-34.108167;3;115000;130000;;
Final MSA;Klein Kliphuis;Klein Kliphuis Unit D-D3 Archaeological Assemblage;0;18.9262833;-32.120167;919;35000;57000;;
Final MSA;Klein Kliphuis;Klein Kliphuis Unit D-D3 Archaeological Assemblage;0;18.9262833;-32.120167;919;59000;69000;;
Final MSA;Klein Kliphuis;Klein Kliphuis Unit D-D3 Archaeological Assemblage;0;18.9262833;-32.120167;919;63000;69000;;
Howiesonspoort;Klein Kliphuis;Klein Kliphuis Unit D-D3 Archaeological Assemblage;0;18.9262833;-32.120167;919;35000;57000;;
Howiesonspoort;Klein Kliphuis;Klein Kliphuis Unit D-D3 Archaeological Assemblage;0;18.9262833;-32.120167;919;59000;69000;;
Howiesonspoort;Klein Kliphuis;Klein Kliphuis Unit D-D3 Archaeological Assemblage;0;18.9262833;-32.120167;919;63000;69000;;
Post-Howiesonspoort;Klein Kliphuis;Klein Kliphuis Unit D-D3 Archaeological Assemblage;0;18.9262833;-32.120167;919;35000;57000;;
Post-Howiesonspoort;Klein Kliphuis;Klein Kliphuis Unit D-D3 Archaeological Assemblage;0;18.9262833;-32.120167;919;59000;69000;;
Post-Howiesonspoort;Klein Kliphuis;Klein Kliphuis Unit D-D3 Archaeological Assemblage;0;18.9262833;-32.120167;919;63000;69000;;
Post-Howiesonspoort;Klein Kliphuis;Klein Kliphuis Unit Dii Archaeological Assemblage;71;18.9262833;-32.120167;8;35000;57000;;
Post-Howiesonspoort;Klein Kliphuis;Klein Kliphuis Unit Diii Archaeological Assemblage;20;18.9262833;-32.120167;12;35000;57000;;
Post-Howiesonspoort;Klein Kliphuis;Klein Kliphuis Unit Div Archaeological Assemblage;441;18.9262833;-32.120167;72;35000;57000;;
Post-Howiesonspoort;Klein Kliphuis;Klein Kliphuis Unit Dv Archaeological Assemblage;476;18.9262833;-32.120167;191;53000;57000;;
Howiesonspoort;Klein Kliphuis;Klein Kliphuis Unit Dvi Archaeological Assemblage;37680;18.9262833;-32.120167;2168;59000;69000;;
Post-Howiesonspoort;Klein Kliphuis;Klein Kliphuis Unit Dvi Archaeological Assemblage;37680;18.9262833;-32.120167;2168;59000;69000;;
Howiesonspoort;Klein Kliphuis;Klein Kliphuis Unit Dvii Archaeological Assemblage;412;18.9262833;-32.120167;58;63000;69000;;
Howiesonspoort;Klipdrift Shelter;Klipdrift Shelter PAY Archaeological Assemblage;1877;20.7243033;-34.451605;17;56000;64000;;
Howiesonspoort;Klipdrift Shelter;Klipdrift Shelter PAZ Archaeological Assemblage;990;20.7243033;-34.451605;12;56000;64000;;
Howiesonspoort;Klipdrift Shelter;Klipdrift Shelter PBA/PBB Archaeological Assemblage;2449;20.7243033;-34.451605;113;54800;64000;;
Howiesonspoort;Klipdrift Shelter;Klipdrift Shelter PBC Archaeological Assemblage;1138;20.7243033;-34.451605;19;60700;70300;;
Howiesonspoort;Klipdrift Shelter;Klipdrift Shelter PBD Archaeological Assemblage;2505;20.7243033;-34.451605;59;60400;68800;;
Howiesonspoort;Klipdrift Shelter;Klipdrift Shelter PBE Archaeological Assemblage;1480;20.7243033;-34.451605;39;60400;86800;;
Howiesonspoort;Klipdrift Shelter;Klipdrift Shelter PCA Archaeological Assemblage;1248;20.7243033;-34.451605;97;58800;68200;;
Howiesonspoort;Klipfonteinrand;Klipfonteinrand Spit 5 Archaeological Assemblage;1700;19.1300667;-32.0717;60;3480;130000;C14 dates at top of layer, bottom Late Pleistocene based on arch strats of HP and MSA 2b.;
Howiesonspoort;Klipfonteinrand;Klipfonteinrand Spit 6 Archaeological Assemblage;3200;19.1300667;-32.0717;100;3480;130000;C14 dates at top of layer, bottom Late Pleistocene based on arch strats of HP and MSA 2b.;
MSA 2b;Klipfonteinrand;Klipfonteinrand Spit 7 Archaeological Assemblage;;19.1300667;-32.0717;100;3480;130000;C14 dates at top of layer, bottom Late Pleistocene based on arch strats of HP and MSA 2b.;
Late Acheulean - Africa;Melka Kunture Garba I;Melka Kunture Garba I Layer B Archaeological Assemblage;-1;37.6333333;8.6833333;-1;400000;600000;;
MSA;Mochena Borago;Mochena Borago Lower T-Group Archaeological Assemblage;1059;37.755;6.8972;260;50000;56000;A single AMS charcoal date of 53,224 +/- 2662 calBP from near the top of these deposits provides a minimum age for Lower T-Group;
MSA;Mochena Borago;Mochena Borago S-Group Archaeological Assemblage;3245;37.755;6.8972;-1;42000;44000;;
Howiesonspoort;Montagu Cave;Montagu Cave Layer 2 Deposits Below Surface 7 Arch. Assemblage;3667;20.1732028;-33.832575;76;58000;66000;Age based on arch strat HP;
Howiesonspoort;Montagu Cave;Montagu Cave Layer 2 Gravel Horizon Arch. Assemblage;4320;20.1732028;-33.832575;55;58000;66000;Age based on arch strat HP;
Howiesonspoort;Montagu Cave;Montagu Cave Layer 2 Surface 7 Arch. Assemblage;861;20.1732028;-33.832575;28;58000;66000;Age based on arch strat HP;
Late MSA;Moshebis Shelter;Moshebis Shelter Layer 5 Archaeological Assemblage;;29.01666667;-29.95;10;30000;50000;;
Howiesonspoort;Moshebis Shelter;Moshebis Shelter Layer 7 Archaeological Assemblage;;29.01666667;-29.95;1;58000;66000;;
Pre-Howiesonspoort;Moshebis Shelter;Moshebis Shelter Layer 8 Archaeological Assemblage;;29.01666667;-29.95;1;65000;70000;;
MSA;Mumba;Mumba Bed V Archaeological Assemblage;0;35.2802778;-3.5619444;76;44800;53400;MSA, used Gliganic et al 2012 OSL dates;
MSA;Mumba;Mumba Bed V Archaeological Assemblage;0;35.2802778;-3.5619444;76;47100;55500;MSA, used Gliganic et al 2012 OSL dates;
MSA;Mumba;Mumba Bed V Archaeological Assemblage;0;35.2802778;-3.5619444;76;52100;61700;MSA, used Gliganic et al 2012 OSL dates;
MSA;Mumba;Mumba Bed VI Archaeological Assemblage;0;35.2802778;-3.5619444;25;57700;77700;MSA, used Gliganic et al 2012 OSL dates;
MSA;Mumba;Mumba Bed VI Archaeological Assemblage;0;35.2802778;-3.5619444;25;86500;153900;MSA, no Gliganic et al 2012 dates, used U-series dates;
MSA/LSA;Mumbwa;Mumbwa Unit IV Archaeological Assemblage;903;27.01666667;-14.96666667;3;11780;44200;;
MSA;Mumbwa;Mumbwa Unit V Archaeological Assemblage;1383;27.01666667;-14.96666667;5;32000;44200;;
MSA;Mumbwa;Mumbwa Unit VII Archaeological Assemblage;54469;27.01666667;-14.96666667;87;96000;132000;;
MSA;Mumbwa;Mumbwa Unit VIII Archaeological Assemblage;1353;27.01666667;-14.96666667;1;96000;194000;;
MSA;Mumbwa;Mumbwa Unit X Archaeological Assemblage;659;27.01666667;-14.96666667;1;150000;300000;;
MSA;Mumbwa;Mumbwa Unit XI Archaeological Assemblage;273;27.01666667;-14.96666667;1;150000;300000;;
MSA;Mumbwa;Mumbwa Unit XII Archaeological Assemblage;647;27.01666667;-14.96666667;2;150000;300000;;
Pietersburg;Mwulus Cave;Mwulus Cave Bed I Archaeological Assemblage;-1;29.210978;-24.145835;1;52000;114000;correlates roughly with de la Pena Unit IV (2018);
Pietersburg;Mwulus Cave;Mwulus Cave Bed I Archaeological Assemblage;-1;29.210978;-24.145835;1;52000;300000;correlates roughly with de la Pena Unit V (2018);
Pietersburg;Mwulus Cave;Mwulus Cave Bed II Archaeological Assemblage;;29.210978;-24.145835;7;51100;89000;correlates roughly with de la Pena Unit II (2018);
Pietersburg;Mwulus Cave;Mwulus Cave Bed II Archaeological Assemblage;;29.210978;-24.145835;7;55700;130500;correlates roughly with de la Pena Unit III (2018);
Pietersburg;Mwulus Cave;Mwulus Cave Bed III Archaeological Assemblage;;29.210978;-24.145835;5;38300;122000;correlates roughly with de la Pena Unit I (2018);
Pietersburg;Mwulus Cave;Mwulus Cave Unit I Archaeological Assemblage;2830;29.210978;-24.145835;42;38300;122000;Used IRSL dates for Unit 1, absolute dates range widely from 27-420ka depending on age model and material (quartz vs. feldspar), most center around 90ka (Feathers et al. 2020), the assemblages are similar to other so-called Pietersburg assemblages of the region and are attributed to MIS5/6 (de la Pena et al. 2018).;
Pietersburg;Mwulus Cave;Mwulus Cave Unit II Archaeological Assemblage;879;29.210978;-24.145835;58;51100;89000;Used IRSL dates for Unit II, absolute dates range widely from 27-420ka depending on age model and material (quartz vs. feldspar), most center around 90ka (Feathers et al. 2020), the assemblages are similar to other so-called Pietersburg assemblages of the region and are attributed to MIS5/6 (de la Pena et al. 2018).;
Pietersburg;Mwulus Cave;Mwulus Cave Unit III-V Ochre;;29.210978;-24.145835;37;52000;114000;Used IRSL dates for Unit IV, absolute dates range widely from 27-420ka depending on age model and material (quartz vs. feldspar), most center around 90ka (Feathers et al. 2020), the assemblages are similar to other so-called Pietersburg assemblages of the region and are attributed to MIS5/6 (de la Pena et al. 2018).;
Pietersburg;Mwulus Cave;Mwulus Cave Unit III-V Ochre;;29.210978;-24.145835;37;52000;300000;Used IRSL dates for Unit IV, absolute dates range widely from 27-420ka depending on age model and material (quartz vs. feldspar), most center around 90ka (Feathers et al. 2020), the assemblages are similar to other so-called Pietersburg assemblages of the region and are attributed to MIS5/6 (de la Pena et al. 2018).;
Pietersburg;Mwulus Cave;Mwulus Cave Unit III-V Ochre;;29.210978;-24.145835;37;55700;130500;Used IRSL dates for Unit III, absolute dates range widely from 27-420ka depending on age model and material (quartz vs. feldspar), most center around 90ka (Feathers et al. 2020), the assemblages are similar to other so-called Pietersburg assemblages of the region and are attributed to MIS5/6 (de la Pena et al. 2018).;
Howiesonspoort;Nelson Bay Cave;Nelson Bay Cave Crust Archaeological Assemblage;40083;23.3756361;-34.101089;17;58000;66000;;
Howiesonspoort;Nelson Bay Cave;Nelson Bay Cave Level 1 Archaeological Assemblage;14959;23.3756361;-34.101089;20;58000;66000;;
Howiesonspoort;Nelson Bay Cave;Nelson Bay Cave Level 2 Archaeological Assemblage;6774;23.3756361;-34.101089;13;58000;66000;;
Howiesonspoort;Nelson Bay Cave;Nelson Bay Cave Level 3 Archaeological Assemblage;3024;23.3756361;-34.101089;1;58000;66000;;
Howiesonspoort;Nelson Bay Cave;Nelson Bay Cave Level 4 Archaeological Assemblage;2172;23.3756361;-34.101089;1;58000;66000;;
Howiesonspoort;Nelson Bay Cave;Nelson Bay Cave Level 5 Archaeological Assemblage;4686;23.3756361;-34.101089;6;58000;66000;;
Howiesonspoort;Nelson Bay Cave;Nelson Bay Cave Level 6 Archaeological Assemblage;3959;23.3756361;-34.101089;4;58000;66000;;
Howiesonspoort;Nelson Bay Cave;Nelson Bay Cave Level 7 Archaeological Assemblage;12794;23.3756361;-34.101089;33;58000;105000;;
MSA 2b;Nelson Bay Cave;Nelson Bay Cave Level 8 Archaeological Assemblage;3703;23.3756361;-34.101089;4;58000;105000;;
MSA;Ngalue Cave;Ngalue Cave Middle Beds Archaeological Assemblage;555;35.19836667;-12.85861667;3;49290;118910;;
MSA;Nswatugi;Nswatugi Layer 4 Archaeological Assemblage;;28.475274;-20.535715;3;41940;300000;MSA artefacts were found in this layer, so age max of 300000 estimated.;
Howiesonspoort;Ntloana Tsoana;Ntloana Tsoana CBS K9/10 Archaeological Assemblage;3652;27.81666667;-29.31666667;14;58100;63700;;
Post-Howiesonspoort;Ntloana Tsoana;Ntloana Tsoana GWS L/M14 Archaeological Assemblage;8913;27.81666667;-29.31666667;32;12110;57800;;
Post-Howiesonspoort;Ntloana Tsoana;Ntloana Tsoana GWS-lower K9/10 Archaeological Assemblage;6941;27.81666667;-29.31666667;57;12110;57800;;
Post-Howiesonspoort;Ntloana Tsoana;Ntloana Tsoana GWS-upper K9/10 Archaeological Assemblage;950;27.81666667;-29.31666667;1;12110;57800;;
Post-Howiesonspoort;Ntloana Tsoana;Ntloana Tsoana HBL K9/10 Archaeological Assemblage;12097;27.81666667;-29.31666667;29;54200;57800;;
Middle Pietersburg;Olieboompoort;Olieboomport Bed 2 Archaeological Assemblage;1350;27.683265;-23.848242;304;58000;200000;MSA;
MSA;Olorgesailie Basin;Olorgesailie Basin BOK-1E Archaeological Assemblage;1278;36.4447389;-1.5775389;86;202700;315600;;
MSA;Olorgesailie Basin;Olorgesailie Basin GOK-1 Archaeological Assemblage;1464;36.4447389;-1.5775389;2;202700;315600;;
Aterian;Oued Djebbana;Oued Djebbana Unit B Archaeological Assemblage;616;8.0583333333;34.7486111111;2;35000;150000;;
MSA;Paardeberg Cave;Paardeberg Cave Level 4a KAD;3550;24.0166667;-33.7333333;2;44000;300000;14C date >44,000 at top of Level 4;
MSA;Pinnacle Point 13b;Pinnacle Point 13b East 5c Archaeological Assemblage;1683;22.0895028;-34.2078167;78;85000;118000;;
MSA;Pinnacle Point 13b;Pinnacle Point 13b East 5d Archaeological Assemblage;47;22.0895028;-34.2078167;36;105000;318000;;
MSA;Pinnacle Point 13b;Pinnacle Point 13b East Post 90 ka Archaeological Assemblage;503;22.0895028;-34.2078167;33;43500;91000;;
MSA;Pinnacle Point 13b;Pinnacle Point 13b LB Silt Archaeological Assemblage;0;22.0895028;-34.2078167;3;147000;167000;;
MSA;Pinnacle Point 13b;Pinnacle Point 13b LBG Sand 1 Archaeological Assemblage;0;22.0895028;-34.2078167;23;95800;135000;;
MSA;Pinnacle Point 13b;Pinnacle Point 13b LC-MSA 5e Archaeological Assemblage;235;22.0895028;-34.2078167;4;88000;133000;;
MSA;Pinnacle Point 13b;Pinnacle Point 13b LC-MSA 5e Archaeological Assemblage;235;22.0895028;-34.2078167;4;118000;133000;;
MSA;Pinnacle Point 13b;Pinnacle Point 13b LC-MSA 6 Archaeological Assemblage;1567;22.0895028;-34.2078167;56;118000;175000;;
MSA;Pinnacle Point 13b;Pinnacle Point 13b Re-deposited Disturbance Archaeological Assemblage;920;22.0895028;-34.2078167;35;46100;90200;;
MSA;Pinnacle Point 13b;Pinnacle Point 13b West 5c Archaeological Assemblage;1203;22.0895028;-34.2078167;147;86000;95800;;
MSA;Pinnacle Point 13b;Pinnacle Point 13b West 5c Archaeological Assemblage;1203;22.0895028;-34.2078167;147;95800;102800;;
MSA;Pinnacle Point 13b;Pinnacle Point 13b West 5c Archaeological Assemblage;1203;22.0895028;-34.2078167;147;95800;135000;;
MSA;Pinnacle Point 13b;Pinnacle Point 13b West 5c Archaeological Assemblage;1203;22.0895028;-34.2078167;147;101200;135000;;
MSA;Pinnacle Point 13b;Pinnacle Point 13b West 6 Archaeological Assemblage;525;22.0895028;-34.2078167;5;13500;167000;;
MSA;Pinnacle Point 13b;Pinnacle Point 13b West 6 Archaeological Assemblage;525;22.0895028;-34.2078167;5;135000;167000;;
MSA;Pinnacle Point 13b;Pinnacle Point 13b West 6 Archaeological Assemblage;525;22.0895028;-34.2078167;5;151000;167000;;
MSA;Pinnacle Point 5-6;Pinnacle Point 5-6 ALBS Archaeological Assemblage;395;22.08945;-34.2079;13;64000;83000;;
MSA;Pinnacle Point 5-6;Pinnacle Point 5-6 BCSR Archaeological Assemblage;0;22.08945;-34.2079;17;0;64000;;
Howiesonspoort;Pinnacle Point 5-6;Pinnacle Point 5-6 DBCS Archaeological Assemblage;1356;22.08945;-34.2079;116;56000;69000;;
MSA;Pinnacle Point 5-6;Pinnacle Point 5-6 LBSR Archaeological Assemblage;1185;22.08945;-34.2079;27;76000;89000;;
MSA;Pinnacle Point 5-6;Pinnacle Point 5-6 OBS1 Archaeological Assemblage;486;22.08945;-34.2079;17;61000;74000;;
MSA;Pinnacle Point 5-6;Pinnacle Point 5-6 RBSR Archaeological Assemblage;187;22.08945;-34.2079;56;46000;64000;;
MSA;Pinnacle Point 5-6;Pinnacle Point 5-6 SADBS Archaeological Assemblage;3556;22.08945;-34.2079;27;60000;82000;;
MSA;Pinnacle Point 5-6;Pinnacle Point 5-6 SGS Archaeological Assemblage;510;22.08945;-34.2079;10;56000;69000;;
Howiesonspoort;Pockenbank 1;Pockenbank 1 Layer 3 Archaeological Assemblage;2575;16.532834;-27.220628;3;31730;66000;C14-dates would be too young for a Howiesons poort assemblage.Vogelsang assumes that the layer is ~350000 BC.;
Pre-Howiesonspoort;Pockenbank 1;Pockenbank 1 Layer 4 Archaeological Assemblage;923;16.532834;-27.220628;1;39000;70000;;
MSA;Pomongwe Cave;Pomongwe Excavation I+II Layer 13-14 Archaeological Assemblage;143;28.513502;-20.547533;4;20000;40000;;
MSA;Pomongwe Cave;Pomongwe Excavation I+II Layer 13-14 Archaeological Assemblage;143;28.513502;-20.547533;4;30000;300000;;
MSA;Pomongwe Cave;Pomongwe Excavation I+II Layer 15-16 Archaeological Assemblage;722;28.513502;-20.547533;8;30000;300000;;
MSA;Pomongwe Cave;Pomongwe Excavation I+II Layer 18 Archaeological Assemblage;371;28.513502;-20.547533;1;30000;300000;;
MSA;Pomongwe Cave;Pomongwe Excavation I+II Layer 19 Archaeological Assemblage;308;28.513502;-20.547533;4;30000;300000;;
MSA;Pomongwe Cave;Pomongwe Excavation I+II Layer 20-21 Archaeological Assemblage;494;28.513502;-20.547533;2;30000;300000;;
MSA;Pomongwe Cave;Pomongwe Excavation I+II Layer 22-23 Archaeological Assemblage;526;28.513502;-20.547533;2;42200;300000;Arch strat MSA used for age max of 300000;
MSA;Pomongwe Cave;Pomongwe Excavation I+II Layer 26 Archaeological Assemblage;175;28.513502;-20.547533;1;42200;300000;;
MSA;Pomongwe Cave;Pomongwe Excavation III Layer 6 Archaeological Assemblage;4958;28.513502;-20.547533;24;39900;44500;;
MSA;Pomongwe Cave;Pomongwe Excavation III Layer 7 Archaeological Assemblage;539;28.513502;-20.547533;3;39900;44500;;
MSA;Pomongwe Cave;Pomongwe Excavation III Layer 8 Archaeological Assemblage;357;28.513502;-20.547533;1;39900;44500;;
MSA;Pomongwe Cave;Pomongwe Excavation III Layer 9 Archaeological Assemblage;814;28.513502;-20.547533;1;42200;300000;Arch strat MSA used for age max of 300000.;
Late MSA;Porc Epic Cave;Porc Epic Cave 1933 Backfill Archaeological Assemblage;3724;41.8333333;9.6666667;84;33400;43000;;
Late MSA;Porc Epic Cave;Porc Epic Cave 1974 Excavation Archaeological Assemblage;5146;41.8333333;9.6666667;214;33400;43000;;
Late MSA;Porc Epic Cave;Porc Epic Cave 1975-76 Excavation Archaeological Assemblage;23;41.8333333;9.6666667;4213;33400;43000;;
Late MSA;Putslaagte 1;Putslaagte 1 Archaeological Horizon Archaeological Assemblage;1566;19.18;-31.94;15;53500;64100;;
Late MSA;Putslaagte 1;Putslaagte 1 Archaeological Horizon Archaeological Assemblage;1566;19.18;-31.94;15;55600;66000;;
Aterian;Rhafas Cave;Rhafas Cave Disturbed Context;0;-1.8731;34.7181;2;14060;90000;Doerschner 2016 OSL dating PLOS1 - New chronology for Rhafas;
Aterian;Rhafas Cave;Rhafas Cave Disturbed Context;0;-1.8731;34.7181;2;95000;119000;MIS 5 or 5e;
Mousterian - Levant;Rhafas Cave;Rhafas Cave Disturbed Context;0;-1.8731;34.7181;2;14060;90000;Doerschner 2016 OSL dating PLOS1 - New chronology for Rhafas;
Mousterian - Levant;Rhafas Cave;Rhafas Cave Disturbed Context;0;-1.8731;34.7181;2;95000;119000;MIS 5 or 5e;
Mousterian - Levant;Rhafas Cave;Rhafas Cave Layer 3a Archaeological Assemblage;384;-1.8731;34.7181;1;14060;90000;Doerschner 2016 OSL dating PLOS1 - New chronology for Rhafas;
MSA;Rhino Cave;Rhino Cave Test Excavation Archaeological Assemblage;292;21.729996;-18.727535;-1;30000;129000;The age of the MSA deposits D-F should be regarded as uncertain, the absolute dates are too young for the MSA artifacts that they contain (Robbins et al. 2000);
Howiesonspoort;Rose Cottage Cave;Rose Cottage Cave HP Assemblage;0;27.470019;-29.216123;144;52000;70000;age_min/max from correlation with HP layers of Harper's excavation;
Post-Howiesonspoort;Rose Cottage Cave;Rose Cottage Cave post-HP Assemblage;0;27.470019;-29.216123;297;35000;60000;age_min/max from correlation with post-HP layers of Harper's excavation;
Pre-Howiesonspoort;Rose Cottage Cave;Rose Cottage Cave pre-HP Assemblage;0;27.470019;-29.216123;80;57000;102500;age_min/max from correlation with pre-HP layers of Harper's excavation;
Sangoan;Sai Island 8-B-11;Sai Island 8-B-11 Layer BLG+UES Archaeological Assemblage;2509;30.32;20.7;56;162000;242000;;
Sangoan;Sai Island 8-B-11;Sai Island 8-B-11 Layer BLG+UES Archaeological Assemblage;2509;30.32;20.7;56;204000;242000;;
Sangoan;Sai Island 8-B-11;Sai Island 8-B-11 Layer RS-base+TLG Archaeological Assemblage;2736;30.32;20.7;3;162000;202000;;
Sangoan;Sai Island 8-B-11;Sai Island 8-B-11 Layer RS-base+TLG Archaeological Assemblage;2736;30.32;20.7;3;162000;242000;;
Early MSA;Sea Harvest;Sea Harvest Midden Archaeological Assemblage;391;17.94931667;-33.02361667;2;71000;126000;attributed to cooler phase within Last Interglaciation (OIS 5), Grine+Klein 1993;
MSA;Sibebe Rockshelter;Sibebe Rockshelter Stratum 5 Archaeological Assemblage;-1;31.173893;-26.261524;-1;22690;300000;Edited by Krista Dotzel 16.5.11.;
Final MSA;Sibhudu Cave;Sibhudu Cave Co to DMou Archaeological Assemblage;0;31.085937;-29.522603;740;35000;41600;;
Final MSA;Sibhudu Cave;Sibhudu Cave Co to DMou Archaeological Assemblage;0;31.085937;-29.522603;740;35400;40600;;
Final MSA;Sibhudu Cave;Sibhudu Cave Co to DMou Archaeological Assemblage;0;31.085937;-29.522603;740;48600;51700;;
Final MSA;Sibhudu Cave;Sibhudu Cave Co to DMou Archaeological Assemblage;0;31.085937;-29.522603;740;48600;52200;;
Howiesonspoort;Sibhudu Cave;Sibhudu Cave DRG to PGS Archaeological Assemblage;0;31.085937;-29.522603;313;55800;63700;;
Howiesonspoort;Sibhudu Cave;Sibhudu Cave DRG to PGS Archaeological Assemblage;0;31.085937;-29.522603;313;59700;63700;;
Howiesonspoort;Sibhudu Cave;Sibhudu Cave DRG to PGS Archaeological Assemblage;0;31.085937;-29.522603;313;59700;66600;;
Howiesonspoort;Sibhudu Cave;Sibhudu Cave DRG to PGS Archaeological Assemblage;0;31.085937;-29.522603;313;61000;66600;;
Howiesonspoort;Sibhudu Cave;Sibhudu Cave DRG to PGS Archaeological Assemblage;0;31.085937;-29.522603;313;62400;67000;;
Pre-Still Bay;Sibhudu Cave;Sibhudu Cave LBG to BS Archaeological Assemblage;0;31.085937;-29.522603;120;70000;75000;;
Pre-Still Bay;Sibhudu Cave;Sibhudu Cave LBG to BS Archaeological Assemblage;0;31.085937;-29.522603;120;70500;75900;;
Pre-Still Bay;Sibhudu Cave;Sibhudu Cave LBG to BS Archaeological Assemblage;0;31.085937;-29.522603;120;70500;80000;;
Pre-Still Bay;Sibhudu Cave;Sibhudu Cave LBG to BS Archaeological Assemblage;0;31.085937;-29.522603;120;74600;80000;;
Late MSA;Sibhudu Cave;Sibhudu Cave PB to YSp Archaeological Assemblage;0;31.085937;-29.522603;1327;44100;50100;;
Late MSA;Sibhudu Cave;Sibhudu Cave PB to YSp Archaeological Assemblage;0;31.085937;-29.522603;1327;44100;55500;;
Late MSA;Sibhudu Cave;Sibhudu Cave PB to YSp Archaeological Assemblage;0;31.085937;-29.522603;1327;44300;52400;;
Late MSA;Sibhudu Cave;Sibhudu Cave PB to YSp Archaeological Assemblage;0;31.085937;-29.522603;1327;45700;50100;;
Late MSA;Sibhudu Cave;Sibhudu Cave PB to YSp Archaeological Assemblage;0;31.085937;-29.522603;1327;45700;51900;;
Late MSA;Sibhudu Cave;Sibhudu Cave PB to YSp Archaeological Assemblage;0;31.085937;-29.522603;1327;47000;51500;;
Late MSA;Sibhudu Cave;Sibhudu Cave PB to YSp Archaeological Assemblage;0;31.085937;-29.522603;1327;47000;51700;;
Late MSA;Sibhudu Cave;Sibhudu Cave PB to YSp Archaeological Assemblage;0;31.085937;-29.522603;1327;48600;51700;;
Still Bay;Sibhudu Cave;Sibhudu Cave RGS Archaeological Assemblage;0;31.085937;-29.522603;59;68100;72900;;
Still Bay;Sibhudu Cave;Sibhudu Cave RGS Archaeological Assemblage;0;31.085937;-29.522603;59;68100;75000;;
Post-Howiesonspoort;Sibhudu Cave;Sibhudu Cave post-HP Archaeological Assemblage;30047;31.085937;-29.522603;2890;54300;61900;;
Post-Howiesonspoort;Sibhudu Cave;Sibhudu Cave post-HP Archaeological Assemblage;30047;31.085937;-29.522603;2890;54300;67000;;
Post-Howiesonspoort;Sibhudu Cave;Sibhudu Cave post-HP Archaeological Assemblage;30047;31.085937;-29.522603;2890;55000;56000;55500 +/- 500;
Post-Howiesonspoort;Sibhudu Cave;Sibhudu Cave post-HP Archaeological Assemblage;30047;31.085937;-29.522603;2890;55500;61900;;
Post-Howiesonspoort;Sibhudu Cave;Sibhudu Cave post-HP Archaeological Assemblage;30047;31.085937;-29.522603;2890;55800;61700;;
Post-Howiesonspoort;Sibhudu Cave;Sibhudu Cave post-HP Archaeological Assemblage;30047;31.085937;-29.522603;2890;55800;63700;;
Post-Howiesonspoort;Sibhudu Cave;Sibhudu Cave post-HP Archaeological Assemblage;30047;31.085937;-29.522603;2890;56300;63500;;
Post-Howiesonspoort;Sibhudu Cave;Sibhudu Cave post-HP Archaeological Assemblage;30047;31.085937;-29.522603;2890;56500;61800;;
Post-Howiesonspoort;Sibhudu Cave;Sibhudu Cave post-HP Archaeological Assemblage;30047;31.085937;-29.522603;2890;56800;63500;;
Post-Howiesonspoort;Sibhudu Cave;Sibhudu Cave post-HP Archaeological Assemblage;30047;31.085937;-29.522603;2890;56800;67000;;
Middle Paleolithic - Africa;Sodmein Cave;Sodmein Cave Layer G Archaeological Assemblage;-1;33.9725;26.2433;-1;45000;126000;;
Howiesonspoort;Tunnel Cave;Tunnel Cave TC Deposits Archaeological Assemblage;-1;18.4060278;-34.1176083;10;58000;77000;;
Lupemban;Twin Rivers;Twin Rivers A Block 1954+56 Archaeological Assemblage;140;28.1833333;-15.5166667;2;139524;300000;Estimated age max based on Lupemban arch strat.;
Lupemban;Twin Rivers;Twin Rivers A Block 1999 Archaeological Assemblage;6117;28.1833333;-15.5166667;183;139524;300000;Estimated age max based on Lupemban arch strat.;
Lupemban;Twin Rivers;Twin Rivers C Block 1954+56 Archaeological Assemblage;973;28.1833333;-15.5166667;4;139524;300000;Estimated age max based on Lupemban arch strat.;
Lupemban;Twin Rivers;Twin Rivers F Block 1954+56 Archaeological Assemblage;2076;28.1833333;-15.5166667;107;139524;300000;Estimated age max based on Lupemban arch strat.;
Lupemban;Twin Rivers;Twin Rivers F Block 1999 Archaeological Assemblage;3250;28.1833333;-15.5166667;123;139524;300000;Estimated age max based on Lupemban arch strat.;
Late MSA;Umhlatuzana;Umhlatuzana Layer 19 Archaeological Assemblage;70408;30.7542333;-29.8104;138;34270;44500;;
Late MSA;Umhlatuzana;Umhlatuzana Layer 20 Archaeological Assemblage;38899;30.7542333;-29.8104;79;33400;44500;;
Late MSA;Umhlatuzana;Umhlatuzana Layer 21 Archaeological Assemblage;17020;30.7542333;-29.8104;76;36240;50000;;
Howiesonspoort;Umhlatuzana;Umhlatuzana Layer 22 Archaeological Assemblage;27665;30.7542333;-29.8104;44;30800;63500;;
Howiesonspoort;Umhlatuzana;Umhlatuzana Layer 23 Archaeological Assemblage;89592;30.7542333;-29.8104;104;42000;48400;;
Howiesonspoort;Umhlatuzana;Umhlatuzana Layer 24 Archaeological Assemblage;110043;30.7542333;-29.8104;91;42000;75200;;
Still Bay;Umhlatuzana;Umhlatuzana Layer 25 Archaeological Assemblage;88601;30.7542333;-29.8104;94;37100;75200;;
Still Bay;Umhlatuzana;Umhlatuzana Layer 26 Archaeological Assemblage;69250;30.7542333;-29.8104;70;37100;77000;;
Still Bay;Umhlatuzana;Umhlatuzana Layer 27 Archaeological Assemblage;43307;30.7542333;-29.8104;19;37100;77000;;
Pre-Still Bay;Umhlatuzana;Umhlatuzana Layer 28 Archaeological Assemblage;22360;30.7542333;-29.8104;7;37100;77000;;
Howiesonspoort;Varsche Rivier 003;Varsche Rivier 003 AL 04 Archaeological Assemblage;5914;18.603889;-31.524294;1;42900;48500;;
Khormusan;Wadi Halfa Site 1017;Wadi Halfa Site 1017 Unit 3 Archaeological Assemblage;4472;31.3667;21.7833;5;40000;85000;;
Khormusan;Wadi Halfa Site 2004;Wadi Halfa Site 2004 Unit 2 Archaeological Assemblage;1525;31.3667;21.7833;4;40000;85000;;
Khormusan;Wadi Halfa Site 34-A;Wadi Halfa Site 34-A Unit 3 Archaeological Assemblage;3046;31.3667;21.7833;1;40000;85000;;
Khormusan;Wadi Halfa Site 34-D;Wadi Halfa Site 34-D Unit 2 Archaeological Assemblage;4478;31.3667;21.7833;1;40000;85000;;
Khormusan;Wadi Halfa Site ANW 3;Wadi Halfa Site ANW 3 Unit 4 Archaeological Assemblage;3444;31.3667;21.7833;6;40000;85000;;
Middle Pietersburg;Waterval;Waterval Horizon 6 Archaeological Assemblage;1663;27.97916667;-26.15166667;1;58000;200000;arch_strat: Middle Pietersburg;
MSA 2b;Witkrans;Witkrans Layer C Archaeological Assemblage;216;24.63333333;-27.61666667;3;30650;105000;;
MSA 1;Wonderkrater;Wonderkrater Area C Grit Archaeological Assemblage;1331;28.743767;-24.4301;1;130310;145710;;
Acheulean - Africa;Wonderwerk;Wonderwerk Cave Excavation 1 Stratum 8 Archaeological Assemblage;125;23.553834;-27.846447;1;300000;990000;;
Fauresmith;Wonderwerk;Wonderwerk Cave Excavation 6 Step 1+2 Archaeological Assemblage;-1;23.553834;-27.846447;7;179000;1040000;U/Th date is a minimum age, Al/Be gives a burial age of the sediments;
Early MSA;Ysterfontein;Ysterfontein Lower Unit Archaeological Assemblage;-1;18.1509361;-33.347456;6;71000;116000;;
Early MSA;Ysterfontein;Ysterfontein Upper Unit Archaeological Assemblage;-1;18.1509361;-33.347456;23;71000;116000;;
MSA;Zombepata Cave;Zombepata Cave Layer 4 Archaeological Assemblage;13381;30.84166;-16.839194;-1;39100;300000;;
MSA;Zombepata Cave;Zombepata Cave Layer 5 Archaeological Assemblage;185;30.84166;-16.839194;-1;39100;300000;;
MSA;Zombepata Cave;Zombepata Cave Layer 6 Archaeological Assemblage;45;30.84166;-16.839194;-1;39100;300000;;
MSA;Zombepata Cave;Zombepata Cave Layer 7 Archaeological Assemblage;12;30.84166;-16.839194;-1;39100;300000;;
